activity_comment,activity_id,activity_properties,assay_chembl_id,assay_description,assay_type,assay_variant_accession,assay_variant_mutation,bao_endpoint,bao_format,bao_label,canonical_smiles,data_validity_comment,data_validity_description,document_chembl_id,document_journal,document_year,ligand_efficiency,molecule_chembl_id,molecule_pref_name,parent_molecule_chembl_id,pchembl_value,potential_duplicate,qudt_units,record_id,relation,src_id,standard_flag,standard_relation,standard_text_value,standard_type,standard_units,standard_upper_value,standard_value,target_chembl_id,target_organism,target_pref_name,target_tax_id,text_value,toid,type,units,uo_units,upper_value,value
,1421057,[],CHEMBL831581,Inhibitory concentration against caspase-2 in neuronal precursor (NT2) cells,B,,,BAO_0000190,BAO_0000019,assay format,CCCCCCN(C)CC(=O)C(CC(=O)O)NC(=O)C(CC)n1cc(C(C)(C)C)nc(NCc2nonc2C)c1=O.Cl,,,CHEMBL1144330,Bioorg. Med. Chem. Lett.,2005,,CHEMBL366927,,CHEMBL1184755,,0,http://www.openphacts.org/units/Nanomolar,365753,>,1,1,>,,IC50,nM,,10.0,CHEMBL4884,Homo sapiens,Caspase-2,9606,,,IC50,nM,UO_0000065,,10.0
,1421073,[],CHEMBL831973,Inhibitory concentration against casp-2 in neuronal precursor (NT2) cells,B,,,BAO_0000190,BAO_0000019,assay format,CCCCCN(C)CC(=O)C(CC(=O)O)NC(=O)C(CC)n1cc(C(C)(C)C)nc(NCc2nonc2C)c1=O.Cl,,,CHEMBL1144330,Bioorg. Med. Chem. Lett.,2005,,CHEMBL179503,,CHEMBL1181560,,0,http://www.openphacts.org/units/Nanomolar,365760,>,1,1,>,,IC50,nM,,10.0,CHEMBL4884,Homo sapiens,Caspase-2,9606,,,IC50,nM,UO_0000065,,10.0
,1691804,[],CHEMBL863728,Inhibition of caspase2,B,,,BAO_0000190,BAO_0000357,single protein format,O=C1NC(=O)c2ccccc2C1=O,,,CHEMBL1138183,J. Med. Chem.,2006,"{'bei': '33.20', 'le': '0.61', 'lle': '5.68', 'sei': '9.20'}",CHEMBL206435,,CHEMBL206435,5.82,0,http://www.openphacts.org/units/Nanomolar,434639,=,1,1,=,,IC50,nM,,1530.0,CHEMBL4884,Homo sapiens,Caspase-2,9606,,,IC50,uM,UO_0000065,,1.53
,1691808,[],CHEMBL863728,Inhibition of caspase2,B,,,BAO_0000190,BAO_0000357,single protein format,COc1ccccc1NC(=O)CCC(=O)Nc1ccc2c(c1)C(=O)C(=O)NC2=O,,,CHEMBL1138183,J. Med. Chem.,2006,"{'bei': '15.86', 'le': '0.30', 'lle': '4.76', 'sei': '4.80'}",CHEMBL203709,,CHEMBL203709,6.27,0,http://www.openphacts.org/units/Nanomolar,434683,=,1,1,=,,IC50,nM,,537.0,CHEMBL4884,Homo sapiens,Caspase-2,9606,,,IC50,uM,UO_0000065,,0.537
,1691809,[],CHEMBL863728,Inhibition of caspase2,B,,,BAO_0000190,BAO_0000357,single protein format,O=C(CCC(=O)N1CCCCC1)Nc1ccc2c(c1)C(=O)C(=O)NC2=O,,,CHEMBL1138183,J. Med. Chem.,2006,"{'bei': '18.57', 'le': '0.35', 'lle': '5.77', 'sei': '5.89'}",CHEMBL438969,,CHEMBL438969,6.64,0,http://www.openphacts.org/units/Nanomolar,434680,=,1,1,=,,IC50,nM,,231.0,CHEMBL4884,Homo sapiens,Caspase-2,9606,,,IC50,uM,UO_0000065,,0.231
,1691810,[],CHEMBL863728,Inhibition of caspase2,B,,,BAO_0000190,BAO_0000357,single protein format,O=C(O)CCC(=O)Nc1ccc2c(c1)C(=O)C(=O)NC2=O,,,CHEMBL1138183,J. Med. Chem.,2006,"{'bei': '20.90', 'le': '0.39', 'lle': '6.13', 'sei': '4.68'}",CHEMBL202971,,CHEMBL202971,6.07,0,http://www.openphacts.org/units/Nanomolar,434676,=,1,1,=,,IC50,nM,,859.0,CHEMBL4884,Homo sapiens,Caspase-2,9606,,,IC50,uM,UO_0000065,,0.859
,1691811,[],CHEMBL863728,Inhibition of caspase2,B,,,BAO_0000190,BAO_0000357,single protein format,O=C(CCCl)Nc1ccc2c(c1)C(=O)C(=O)NC2=O,,,CHEMBL1138183,J. Med. Chem.,2006,"{'bei': '22.36', 'le': '0.45', 'lle': '5.57', 'sei': '6.80'}",CHEMBL382481,,CHEMBL382481,6.28,0,http://www.openphacts.org/units/Nanomolar,434674,=,1,1,=,,IC50,nM,,530.0,CHEMBL4884,Homo sapiens,Caspase-2,9606,,,IC50,uM,UO_0000065,,0.53
,1691812,[],CHEMBL863728,Inhibition of caspase2,B,,,BAO_0000190,BAO_0000357,single protein format,CC(=O)OC(C(=O)Nc1cccc2c1C(=O)C(=O)NC2=O)c1ccccc1,,,CHEMBL1138183,J. Med. Chem.,2006,"{'bei': '18.11', 'le': '0.34', 'lle': '5.25', 'sei': '5.59'}",CHEMBL439872,,CHEMBL439872,6.63,0,http://www.openphacts.org/units/Nanomolar,434664,=,1,1,=,,IC50,nM,,233.0,CHEMBL4884,Homo sapiens,Caspase-2,9606,,,IC50,uM,UO_0000065,,0.233
,1691813,[],CHEMBL863728,Inhibition of caspase2,B,,,BAO_0000190,BAO_0000357,single protein format,O=C1NC(=O)c2cc(NC(=O)c3ccc([N+](=O)[O-])cc3)ccc2C1=O,,,CHEMBL1138183,J. Med. Chem.,2006,"{'bei': '15.46', 'le': '0.29', 'lle': '3.95', 'sei': '3.87'}",CHEMBL204245,,CHEMBL204245,5.25,0,http://www.openphacts.org/units/Nanomolar,434654,=,1,1,=,,IC50,nM,,5670.0,CHEMBL4884,Homo sapiens,Caspase-2,9606,,,IC50,uM,UO_0000065,,5.67
,3003656,[],CHEMBL1039231,Inhibition of caspase 2 after 10 to 15 mins by fluorescence assay,B,,,BAO_0000190,BAO_0000357,single protein format,COC(=O)[C@@H]1CCCN1C(=O)[C@@H](Cc1ccccc1)N(C)C(=O)[C@H](C)NC(=O)[C@@H](NC(=O)C[C@H](O)[C@H](CC(C)C)NC(=O)[C@H](CC(N)=O)NC(=O)[C@H](CC(C)C)NC(=O)[C@H](OC(=O)[C@@H](OC(=O)[C@H](C(C)C)N(C)C)C(C)C)C(C)C)[C@@H](C)O,,,CHEMBL1156023,J. Med. Chem.,2009,"{'bei': '4.51', 'le': None, 'lle': None, 'sei': None}",CHEMBL567893,GRASSYSTATIN A,CHEMBL567893,5.30,0,http://www.openphacts.org/units/Nanomolar,858126,=,1,1,=,,IC50,nM,,5000.0,CHEMBL4884,Homo sapiens,Caspase-2,9606,,,IC50,uM,UO_0000065,,5.0
,6384911,[],CHEMBL1838642,Inhibition of caspase-2 (amino acids 170 to 452) using Ac-VDVAD-AMC coumarin-120 as substrate after 20 mins by fluorometric analysis,B,,,BAO_0000190,BAO_0000357,single protein format,CC(=O)N[C@H](C(=O)N[C@@H](CC(=O)O)C(=O)N[C@H](C(=O)N[C@@H](C)C(=O)N[C@H]1CC(=O)OC1O)C(C)C)C(C)C,,,CHEMBL1833809,Bioorg. Med. Chem.,2011,"{'bei': '13.50', 'le': '0.26', 'lle': '9.84', 'sei': '3.20'}",CHEMBL1835209,,CHEMBL1835209,7.34,0,http://www.openphacts.org/units/Nanomolar,1461386,=,1,1,=,,IC50,nM,,46.0,CHEMBL4884,Homo sapiens,Caspase-2,9606,,,IC50,nM,UO_0000065,,46.0
,6384912,[],CHEMBL1838642,Inhibition of caspase-2 (amino acids 170 to 452) using Ac-VDVAD-AMC coumarin-120 as substrate after 20 mins by fluorometric analysis,B,,,BAO_0000190,BAO_0000357,single protein format,CC(=O)N[C@H](C(=O)N[C@@H](CC(=O)O)C(=O)N[C@H](C(=O)N[C@@H](COC(C)(C)C)C(=O)N[C@H]1CC(=O)OC1O)C(C)C)C(C)C,,,CHEMBL1833809,Bioorg. Med. Chem.,2011,"{'bei': '12.00', 'le': '0.23', 'lle': '9.09', 'sei': '3.10'}",CHEMBL1835208,,CHEMBL1835208,7.39,0,http://www.openphacts.org/units/Nanomolar,1461385,=,1,1,=,,IC50,nM,,41.0,CHEMBL4884,Homo sapiens,Caspase-2,9606,,,IC50,nM,UO_0000065,,41.0
,6384913,[],CHEMBL1838642,Inhibition of caspase-2 (amino acids 170 to 452) using Ac-VDVAD-AMC coumarin-120 as substrate after 20 mins by fluorometric analysis,B,,,BAO_0000190,BAO_0000357,single protein format,CC(=O)N[C@H](C(=O)N[C@@H](CC(=O)O)C(=O)N[C@H](C(=O)N1CCC[C@H]1C(=O)N[C@H]1CC(=O)OC1O)C(C)C)C(C)C,,,CHEMBL1833809,Bioorg. Med. Chem.,2011,"{'bei': '12.97', 'le': '0.25', 'lle': '9.40', 'sei': '3.35'}",CHEMBL1835210,,CHEMBL1835210,7.39,0,http://www.openphacts.org/units/Nanomolar,1461387,=,1,1,=,,IC50,nM,,41.0,CHEMBL4884,Homo sapiens,Caspase-2,9606,,,IC50,nM,UO_0000065,,41.0
,6384914,[],CHEMBL1838642,Inhibition of caspase-2 (amino acids 170 to 452) using Ac-VDVAD-AMC coumarin-120 as substrate after 20 mins by fluorometric analysis,B,,,BAO_0000190,BAO_0000357,single protein format,CO[C@H]1CCN(C(=O)[C@@H](NC(=O)[C@H](CC(=O)O)NC(=O)[C@@H](NC(C)=O)C(C)C)C(C)C)[C@@H]1C(=O)N[C@H]1CC(=O)OC1O,,,CHEMBL1833809,Bioorg. Med. Chem.,2011,"{'bei': '11.62', 'le': '0.23', 'lle': '9.36', 'sei': '3.03'}",CHEMBL1835211,,CHEMBL1835211,6.97,0,http://www.openphacts.org/units/Nanomolar,1461388,=,1,1,=,,IC50,nM,,108.0,CHEMBL4884,Homo sapiens,Caspase-2,9606,,,IC50,nM,UO_0000065,,108.0
,6384915,[],CHEMBL1838642,Inhibition of caspase-2 (amino acids 170 to 452) using Ac-VDVAD-AMC coumarin-120 as substrate after 20 mins by fluorometric analysis,B,,,BAO_0000190,BAO_0000357,single protein format,CC(=O)N[C@H](C(=O)N[C@@H](CC(=O)O)C(=O)N[C@H](C(=O)N1CC[C@H](OC(C)C)[C@H]1C(=O)N[C@H]1CC(=O)OC1O)C(C)C)C(C)C,,,CHEMBL1833809,Bioorg. Med. Chem.,2011,"{'bei': '10.53', 'le': '0.21', 'lle': '8.22', 'sei': '2.88'}",CHEMBL1835212,,CHEMBL1835212,6.61,0,http://www.openphacts.org/units/Nanomolar,1461389,=,1,1,=,,IC50,nM,,246.0,CHEMBL4884,Homo sapiens,Caspase-2,9606,,,IC50,nM,UO_0000065,,246.0
,6384916,[],CHEMBL1838642,Inhibition of caspase-2 (amino acids 170 to 452) using Ac-VDVAD-AMC coumarin-120 as substrate after 20 mins by fluorometric analysis,B,,,BAO_0000190,BAO_0000357,single protein format,CCC(C)O[C@H]1CCN(C(=O)[C@@H](NC(=O)[C@H](CC(=O)O)NC(=O)[C@@H](NC(C)=O)C(C)C)C(C)C)[C@@H]1C(=O)N[C@H]1CC(=O)OC1O,,,CHEMBL1833809,Bioorg. Med. Chem.,2011,"{'bei': '9.95', 'le': '0.19', 'lle': '7.60', 'sei': '2.78'}",CHEMBL1835313,,CHEMBL1835313,6.38,0,http://www.openphacts.org/units/Nanomolar,1461507,=,1,1,=,,IC50,nM,,413.0,CHEMBL4884,Homo sapiens,Caspase-2,9606,,,IC50,nM,UO_0000065,,413.0
,6384917,[],CHEMBL1838642,Inhibition of caspase-2 (amino acids 170 to 452) using Ac-VDVAD-AMC coumarin-120 as substrate after 20 mins by fluorometric analysis,B,,,BAO_0000190,BAO_0000357,single protein format,CC(=O)N[C@H](C(=O)N[C@@H](CC(=O)O)C(=O)N[C@H](C(=O)N1CC[C@H](OCC(C)C)[C@H]1C(=O)N[C@H]1CC(=O)OC1O)C(C)C)C(C)C,,,CHEMBL1833809,Bioorg. Med. Chem.,2011,"{'bei': '9.89', 'le': '0.19', 'lle': '7.70', 'sei': '2.76'}",CHEMBL1835314,,CHEMBL1835314,6.34,0,http://www.openphacts.org/units/Nanomolar,1461508,=,1,1,=,,IC50,nM,,453.0,CHEMBL4884,Homo sapiens,Caspase-2,9606,,,IC50,nM,UO_0000065,,453.0
,6384918,[],CHEMBL1838642,Inhibition of caspase-2 (amino acids 170 to 452) using Ac-VDVAD-AMC coumarin-120 as substrate after 20 mins by fluorometric analysis,B,,,BAO_0000190,BAO_0000357,single protein format,CC(=O)N[C@H](C(=O)N[C@@H](CC(=O)O)C(=O)N[C@H](C(=O)N1CC[C@H](OC2CCCC2)[C@H]1C(=O)N[C@H]1CC(=O)OC1O)C(C)C)C(C)C,,,CHEMBL1833809,Bioorg. Med. Chem.,2011,"{'bei': '9.35', 'le': '0.18', 'lle': '7.18', 'sei': '2.66'}",CHEMBL1835315,,CHEMBL1835315,6.11,0,http://www.openphacts.org/units/Nanomolar,1461509,=,1,1,=,,IC50,nM,,772.0,CHEMBL4884,Homo sapiens,Caspase-2,9606,,,IC50,nM,UO_0000065,,772.0
,6384919,[],CHEMBL1838642,Inhibition of caspase-2 (amino acids 170 to 452) using Ac-VDVAD-AMC coumarin-120 as substrate after 20 mins by fluorometric analysis,B,,,BAO_0000190,BAO_0000357,single protein format,CC(=O)N[C@H](C(=O)N[C@@H](CC(=O)O)C(=O)N[C@H](C(=O)N1CC[C@H](Oc2ncccn2)[C@H]1C(=O)N[C@H]1CC(=O)OC1O)C(C)C)C(C)C,,,CHEMBL1833809,Bioorg. Med. Chem.,2011,"{'bei': '10.03', 'le': '0.19', 'lle': '8.82', 'sei': '2.61'}",CHEMBL1835316,,CHEMBL1835316,6.66,0,http://www.openphacts.org/units/Nanomolar,1461510,=,1,1,=,,IC50,nM,,219.0,CHEMBL4884,Homo sapiens,Caspase-2,9606,,,IC50,nM,UO_0000065,,219.0
,6384920,[],CHEMBL1838642,Inhibition of caspase-2 (amino acids 170 to 452) using Ac-VDVAD-AMC coumarin-120 as substrate after 20 mins by fluorometric analysis,B,,,BAO_0000190,BAO_0000357,single protein format,CC(=O)N[C@H](C(=O)N[C@@H](CC(=O)O)C(=O)N[C@H](C(=O)N1CC[C@H](CC(C)(C)C)[C@H]1C(=O)N[C@H]1CC(=O)OC1O)C(C)C)C(C)C,,,CHEMBL1833809,Bioorg. Med. Chem.,2011,"{'bei': '11.41', 'le': '0.22', 'lle': '7.65', 'sei': '3.31'}",CHEMBL1835317,,CHEMBL1835317,7.30,0,http://www.openphacts.org/units/Nanomolar,1461511,=,1,1,=,,IC50,nM,,50.0,CHEMBL4884,Homo sapiens,Caspase-2,9606,,,IC50,nM,UO_0000065,,50.0
,6384921,[],CHEMBL1838642,Inhibition of caspase-2 (amino acids 170 to 452) using Ac-VDVAD-AMC coumarin-120 as substrate after 20 mins by fluorometric analysis,B,,,BAO_0000190,BAO_0000357,single protein format,CC(=O)N[C@H](C(=O)N[C@@H](CC(=O)O)C(=O)N[C@H](C(=O)N1CC[C@H](c2ccccc2)[C@H]1C(=O)N[C@H]1CC(=O)OC1O)C(C)C)C(C)C,,,CHEMBL1833809,Bioorg. Med. Chem.,2011,"{'bei': '9.84', 'le': '0.19', 'lle': '6.98', 'sei': '2.88'}",CHEMBL1835318,,CHEMBL1835318,6.36,0,http://www.openphacts.org/units/Nanomolar,1461512,=,1,1,=,,IC50,nM,,441.0,CHEMBL4884,Homo sapiens,Caspase-2,9606,,,IC50,nM,UO_0000065,,441.0
,6384922,[],CHEMBL1838642,Inhibition of caspase-2 (amino acids 170 to 452) using Ac-VDVAD-AMC coumarin-120 as substrate after 20 mins by fluorometric analysis,B,,,BAO_0000190,BAO_0000357,single protein format,CC(=O)N[C@H](C(=O)N[C@@H](CC(=O)O)C(=O)N[C@H](C(=O)N1CC[C@H](c2ccc(C)cc2)[C@H]1C(=O)N[C@H]1CC(=O)OC1O)C(C)C)C(C)C,,,CHEMBL1833809,Bioorg. Med. Chem.,2011,"{'bei': '8.79', 'le': '0.17', 'lle': '6.11', 'sei': '2.63'}",CHEMBL1835319,,CHEMBL1835319,5.80,0,http://www.openphacts.org/units/Nanomolar,1461513,=,1,1,=,,IC50,nM,,1600.0,CHEMBL4884,Homo sapiens,Caspase-2,9606,,,IC50,nM,UO_0000065,,1600.0
,6384923,[],CHEMBL1838642,Inhibition of caspase-2 (amino acids 170 to 452) using Ac-VDVAD-AMC coumarin-120 as substrate after 20 mins by fluorometric analysis,B,,,BAO_0000190,BAO_0000357,single protein format,CC(=O)N[C@H](C(=O)N[C@@H](CC(=O)O)C(=O)N[C@H](C(=O)N1CC[C@H](C2CCCCC2)[C@H]1C(=O)N[C@H]1CC(=O)OC1O)C(C)C)C(C)C,,,CHEMBL1833809,Bioorg. Med. Chem.,2011,"{'bei': '10.54', 'le': '0.20', 'lle': '7.08', 'sei': '3.11'}",CHEMBL1835320,,CHEMBL1835320,6.87,0,http://www.openphacts.org/units/Nanomolar,1461514,=,1,1,=,,IC50,nM,,136.0,CHEMBL4884,Homo sapiens,Caspase-2,9606,,,IC50,nM,UO_0000065,,136.0
,6384924,[],CHEMBL1838642,Inhibition of caspase-2 (amino acids 170 to 452) using Ac-VDVAD-AMC coumarin-120 as substrate after 20 mins by fluorometric analysis,B,,,BAO_0000190,BAO_0000357,single protein format,CC(=O)N[C@H](C(=O)N[C@@H](CC(=O)O)C(=O)N[C@H](C(=O)N1Cc2ccccc2C1C(=O)N[C@H]1CC(=O)OC1O)C(C)C)C(C)C,,,CHEMBL1833809,Bioorg. Med. Chem.,2011,"{'bei': '11.05', 'le': '0.21', 'lle': '7.74', 'sei': '3.09'}",CHEMBL1835321,,CHEMBL1835321,6.82,0,http://www.openphacts.org/units/Nanomolar,1461515,=,1,1,=,,IC50,nM,,150.0,CHEMBL4884,Homo sapiens,Caspase-2,9606,,,IC50,nM,UO_0000065,,150.0
,6384925,[],CHEMBL1838642,Inhibition of caspase-2 (amino acids 170 to 452) using Ac-VDVAD-AMC coumarin-120 as substrate after 20 mins by fluorometric analysis,B,,,BAO_0000190,BAO_0000357,single protein format,CC(=O)N[C@H](C(=O)N[C@@H](CC(=O)O)C(=O)N[C@H](C(=O)N1CCCC[C@H]1C(=O)N[C@H]1CC(=O)OC1O)C(C)C)C(C)C,,,CHEMBL1833809,Bioorg. Med. Chem.,2011,"{'bei': '12.11', 'le': '0.24', 'lle': '8.69', 'sei': '3.20'}",CHEMBL1835322,,CHEMBL1835322,7.07,0,http://www.openphacts.org/units/Nanomolar,1461516,=,1,1,=,,IC50,nM,,86.0,CHEMBL4884,Homo sapiens,Caspase-2,9606,,,IC50,nM,UO_0000065,,86.0
,6384926,[],CHEMBL1838642,Inhibition of caspase-2 (amino acids 170 to 452) using Ac-VDVAD-AMC coumarin-120 as substrate after 20 mins by fluorometric analysis,B,,,BAO_0000190,BAO_0000357,single protein format,CC(=O)N[C@H](C(=O)N[C@@H](CC(=O)O)C(=O)N[C@H](C(=O)N1CCC[C@H](OC(C)C)[C@H]1C(=O)N[C@H]1CC(=O)OC1O)C(C)C)C(C)C,,,CHEMBL1833809,Bioorg. Med. Chem.,2011,"{'bei': '6.67', 'le': '0.13', 'lle': '5.50', 'sei': '1.86'}",CHEMBL1835323,,CHEMBL1835323,4.28,0,http://www.openphacts.org/units/Nanomolar,1461517,=,1,1,=,,IC50,nM,,52800.0,CHEMBL4884,Homo sapiens,Caspase-2,9606,,,IC50,nM,UO_0000065,,52800.0
,6384927,[],CHEMBL1838642,Inhibition of caspase-2 (amino acids 170 to 452) using Ac-VDVAD-AMC coumarin-120 as substrate after 20 mins by fluorometric analysis,B,,,BAO_0000190,BAO_0000357,single protein format,CC(=O)N[C@H](C(=O)N[C@@H](CC(=O)O)C(=O)N[C@H](C(=O)N1CCc2ccccc2[C@H]1C(=O)N[C@H]1CC(=O)OC1O)C(C)C)C(C)C,,,CHEMBL1833809,Bioorg. Med. Chem.,2011,"{'bei': '12.12', 'le': '0.23', 'lle': '8.54', 'sei': '3.47'}",CHEMBL1835324,,CHEMBL1835324,7.66,0,http://www.openphacts.org/units/Nanomolar,1461518,=,1,1,=,,IC50,nM,,22.0,CHEMBL4884,Homo sapiens,Caspase-2,9606,,,IC50,nM,UO_0000065,,22.0
,6384928,[],CHEMBL1838642,Inhibition of caspase-2 (amino acids 170 to 452) using Ac-VDVAD-AMC coumarin-120 as substrate after 20 mins by fluorometric analysis,B,,,BAO_0000190,BAO_0000357,single protein format,CC(=O)N[C@H](C(=O)N[C@@H](CC(=O)O)C(=O)N[C@H](C(=O)N1CCc2ccc(C)cc2C1C(=O)N[C@H]1CC(=O)OC1O)C(C)C)C(C)C,,,CHEMBL1833809,Bioorg. Med. Chem.,2011,"{'bei': '11.18', 'le': '0.21', 'lle': '7.79', 'sei': '3.27'}",CHEMBL1835325,,CHEMBL1835325,7.22,0,http://www.openphacts.org/units/Nanomolar,1461519,=,1,1,=,,IC50,nM,,60.0,CHEMBL4884,Homo sapiens,Caspase-2,9606,,,IC50,nM,UO_0000065,,60.0
,6384929,[],CHEMBL1838642,Inhibition of caspase-2 (amino acids 170 to 452) using Ac-VDVAD-AMC coumarin-120 as substrate after 20 mins by fluorometric analysis,B,,,BAO_0000190,BAO_0000357,single protein format,CC(=O)N[C@H](C(=O)N[C@@H](CC(=O)O)C(=O)N[C@H](C(=O)N1CCc2cc(C)ccc2C1C(=O)N[C@H]1CC(=O)OC1O)C(C)C)C(C)C,,,CHEMBL1833809,Bioorg. Med. Chem.,2011,"{'bei': '11.31', 'le': '0.22', 'lle': '7.87', 'sei': '3.31'}",CHEMBL1835399,,CHEMBL1835399,7.30,0,http://www.openphacts.org/units/Nanomolar,1461607,=,1,1,=,,IC50,nM,,50.0,CHEMBL4884,Homo sapiens,Caspase-2,9606,,,IC50,nM,UO_0000065,,50.0
,6384930,[],CHEMBL1838642,Inhibition of caspase-2 (amino acids 170 to 452) using Ac-VDVAD-AMC coumarin-120 as substrate after 20 mins by fluorometric analysis,B,,,BAO_0000190,BAO_0000357,single protein format,COc1cc2c(cc1OC)C(C(=O)N[C@H]1CC(=O)OC1O)N(C(=O)[C@@H](NC(=O)[C@H](CC(=O)O)NC(=O)[C@@H](NC(C)=O)C(C)C)C(C)C)CC2,,,CHEMBL1833809,Bioorg. Med. Chem.,2011,"{'bei': '8.18', 'le': '0.16', 'lle': '6.52', 'sei': '2.37'}",CHEMBL1835400,,CHEMBL1835400,5.66,0,http://www.openphacts.org/units/Nanomolar,1461608,=,1,1,=,,IC50,nM,,2190.0,CHEMBL4884,Homo sapiens,Caspase-2,9606,,,IC50,nM,UO_0000065,,2190.0
,6384931,[],CHEMBL1838642,Inhibition of caspase-2 (amino acids 170 to 452) using Ac-VDVAD-AMC coumarin-120 as substrate after 20 mins by fluorometric analysis,B,,,BAO_0000190,BAO_0000357,single protein format,CC(=O)N[C@H](C(=O)N[C@@H](CC(=O)O)C(=O)N[C@H](C(=O)N1CCc2cc(O)ccc2C1C(=O)N[C@H]1CC(=O)OC1O)C(C)C)C(C)C,,,CHEMBL1833809,Bioorg. Med. Chem.,2011,"{'bei': '8.81', 'le': '0.17', 'lle': '6.87', 'sei': '2.37'}",CHEMBL1835401,,CHEMBL1835401,5.70,0,http://www.openphacts.org/units/Nanomolar,1461609,=,1,1,=,,IC50,nM,,1980.0,CHEMBL4884,Homo sapiens,Caspase-2,9606,,,IC50,nM,UO_0000065,,1980.0
,6384932,[],CHEMBL1838642,Inhibition of caspase-2 (amino acids 170 to 452) using Ac-VDVAD-AMC coumarin-120 as substrate after 20 mins by fluorometric analysis,B,,,BAO_0000190,BAO_0000357,single protein format,CC(=O)N[C@H](C(=O)N[C@@H](CC(=O)O)C(=O)N[C@H](C(=O)N1CCc2ccc(O)cc2C1C(=O)N[C@H]1CC(=O)OC1O)C(C)C)C(C)C,,,CHEMBL1833809,Bioorg. Med. Chem.,2011,"{'bei': '9.79', 'le': '0.19', 'lle': '7.51', 'sei': '2.63'}",CHEMBL1835402,,CHEMBL1835402,6.34,0,http://www.openphacts.org/units/Nanomolar,1461610,=,1,1,=,,IC50,nM,,459.0,CHEMBL4884,Homo sapiens,Caspase-2,9606,,,IC50,nM,UO_0000065,,459.0
,6384933,[],CHEMBL1838642,Inhibition of caspase-2 (amino acids 170 to 452) using Ac-VDVAD-AMC coumarin-120 as substrate after 20 mins by fluorometric analysis,B,,,BAO_0000190,BAO_0000357,single protein format,CC(=O)N[C@H](C(=O)N[C@@H](CC(=O)O)C(=O)N[C@H](C(=O)N1CCc2cc(Br)ccc2C1C(=O)N[C@H]1CC(=O)OC1O)C(C)C)C(C)C,,,CHEMBL1833809,Bioorg. Med. Chem.,2011,"{'bei': '9.55', 'le': '0.20', 'lle': '6.90', 'sei': '3.08'}",CHEMBL1835403,,CHEMBL1835403,6.79,0,http://www.openphacts.org/units/Nanomolar,1461611,=,1,1,=,,IC50,nM,,163.0,CHEMBL4884,Homo sapiens,Caspase-2,9606,,,IC50,nM,UO_0000065,,163.0
,6384934,[],CHEMBL1838642,Inhibition of caspase-2 (amino acids 170 to 452) using Ac-VDVAD-AMC coumarin-120 as substrate after 20 mins by fluorometric analysis,B,,,BAO_0000190,BAO_0000357,single protein format,CC(=O)N[C@H](C(=O)N[C@@H](CC(=O)O)C(=O)N[C@H](C(=O)N1CCc2ccc(Br)cc2C1C(=O)N[C@H]1CC(=O)OC1O)C(C)C)C(C)C,,,CHEMBL1833809,Bioorg. Med. Chem.,2011,"{'bei': '8.78', 'le': '0.19', 'lle': '6.35', 'sei': '2.83'}",CHEMBL1835404,,CHEMBL1835404,6.24,0,http://www.openphacts.org/units/Nanomolar,1461612,=,1,1,=,,IC50,nM,,573.0,CHEMBL4884,Homo sapiens,Caspase-2,9606,,,IC50,nM,UO_0000065,,573.0
,6385911,[],CHEMBL1838645,Inhibition of human Myc-DDK tagged caspase-2 expressed in HEK293 T17 cells using Ac-VDVAD-AMC coumarin-120 as substrate pre-incubated for 2 hrs measured up to 5 hrs by fluorometric analysis,B,,,BAO_0000190,BAO_0000219,cell-based format,CC(=O)N[C@H](C(=O)N[C@@H](CC(=O)O)C(=O)N[C@H](C(=O)N[C@@H](C)C(=O)N[C@H]1CC(=O)OC1O)C(C)C)C(C)C,,,CHEMBL1833809,Bioorg. Med. Chem.,2011,"{'bei': '10.81', 'le': '0.21', 'lle': '8.37', 'sei': '2.56'}",CHEMBL1835209,,CHEMBL1835209,5.88,0,http://www.openphacts.org/units/Nanomolar,1461386,=,1,1,=,,IC50,nM,,1334.0,CHEMBL4884,Homo sapiens,Caspase-2,9606,,,IC50,nM,UO_0000065,,1334.0
,6385912,[],CHEMBL1838645,Inhibition of human Myc-DDK tagged caspase-2 expressed in HEK293 T17 cells using Ac-VDVAD-AMC coumarin-120 as substrate pre-incubated for 2 hrs measured up to 5 hrs by fluorometric analysis,B,,,BAO_0000190,BAO_0000219,cell-based format,CC(=O)N[C@H](C(=O)N[C@@H](CC(=O)O)C(=O)N[C@H](C(=O)N[C@@H](COC(C)(C)C)C(=O)N[C@H]1CC(=O)OC1O)C(C)C)C(C)C,,,CHEMBL1833809,Bioorg. Med. Chem.,2011,"{'bei': '9.38', 'le': '0.18', 'lle': '7.47', 'sei': '2.42'}",CHEMBL1835208,,CHEMBL1835208,5.77,0,http://www.openphacts.org/units/Nanomolar,1461385,=,1,1,=,,IC50,nM,,1690.0,CHEMBL4884,Homo sapiens,Caspase-2,9606,,,IC50,nM,UO_0000065,,1690.0
,6385913,[],CHEMBL1838645,Inhibition of human Myc-DDK tagged caspase-2 expressed in HEK293 T17 cells using Ac-VDVAD-AMC coumarin-120 as substrate pre-incubated for 2 hrs measured up to 5 hrs by fluorometric analysis,B,,,BAO_0000190,BAO_0000219,cell-based format,CC(=O)N[C@H](C(=O)N[C@@H](CC(=O)O)C(=O)N[C@H](C(=O)N1CCC[C@H]1C(=O)N[C@H]1CC(=O)OC1O)C(C)C)C(C)C,,,CHEMBL1833809,Bioorg. Med. Chem.,2011,"{'bei': '10.88', 'le': '0.21', 'lle': '8.21', 'sei': '2.81'}",CHEMBL1835210,,CHEMBL1835210,6.20,0,http://www.openphacts.org/units/Nanomolar,1461387,=,1,1,=,,IC50,nM,,635.0,CHEMBL4884,Homo sapiens,Caspase-2,9606,,,IC50,nM,UO_0000065,,635.0
,6385914,[],CHEMBL1838645,Inhibition of human Myc-DDK tagged caspase-2 expressed in HEK293 T17 cells using Ac-VDVAD-AMC coumarin-120 as substrate pre-incubated for 2 hrs measured up to 5 hrs by fluorometric analysis,B,,,BAO_0000190,BAO_0000219,cell-based format,CO[C@H]1CCN(C(=O)[C@@H](NC(=O)[C@H](CC(=O)O)NC(=O)[C@@H](NC(C)=O)C(C)C)C(C)C)[C@@H]1C(=O)N[C@H]1CC(=O)OC1O,,,CHEMBL1833809,Bioorg. Med. Chem.,2011,"{'bei': '9.53', 'le': '0.19', 'lle': '8.10', 'sei': '2.49'}",CHEMBL1835211,,CHEMBL1835211,5.71,0,http://www.openphacts.org/units/Nanomolar,1461388,=,1,1,=,,IC50,nM,,1940.0,CHEMBL4884,Homo sapiens,Caspase-2,9606,,,IC50,nM,UO_0000065,,1940.0
,6385915,[],CHEMBL1838645,Inhibition of human Myc-DDK tagged caspase-2 expressed in HEK293 T17 cells using Ac-VDVAD-AMC coumarin-120 as substrate pre-incubated for 2 hrs measured up to 5 hrs by fluorometric analysis,B,,,BAO_0000190,BAO_0000219,cell-based format,CC(=O)N[C@H](C(=O)N[C@@H](CC(=O)O)C(=O)N[C@H](C(=O)N1CC[C@H](OC(C)C)[C@H]1C(=O)N[C@H]1CC(=O)OC1O)C(C)C)C(C)C,,,CHEMBL1833809,Bioorg. Med. Chem.,2011,"{'bei': '7.81', 'le': '0.15', 'lle': '6.51', 'sei': '2.13'}",CHEMBL1835212,,CHEMBL1835212,4.90,0,http://www.openphacts.org/units/Nanomolar,1461389,=,1,1,=,,IC50,nM,,12600.0,CHEMBL4884,Homo sapiens,Caspase-2,9606,,,IC50,nM,UO_0000065,,12600.0
,6385916,[],CHEMBL1838645,Inhibition of human Myc-DDK tagged caspase-2 expressed in HEK293 T17 cells using Ac-VDVAD-AMC coumarin-120 as substrate pre-incubated for 2 hrs measured up to 5 hrs by fluorometric analysis,B,,,BAO_0000190,BAO_0000219,cell-based format,CCC(C)O[C@H]1CCN(C(=O)[C@@H](NC(=O)[C@H](CC(=O)O)NC(=O)[C@@H](NC(C)=O)C(C)C)C(C)C)[C@@H]1C(=O)N[C@H]1CC(=O)OC1O,,,CHEMBL1833809,Bioorg. Med. Chem.,2011,,CHEMBL1835313,,CHEMBL1835313,,0,http://www.openphacts.org/units/Nanomolar,1461507,>,1,1,>,,IC50,nM,,50000.0,CHEMBL4884,Homo sapiens,Caspase-2,9606,,,IC50,nM,UO_0000065,,50000.0
,6385917,[],CHEMBL1838645,Inhibition of human Myc-DDK tagged caspase-2 expressed in HEK293 T17 cells using Ac-VDVAD-AMC coumarin-120 as substrate pre-incubated for 2 hrs measured up to 5 hrs by fluorometric analysis,B,,,BAO_0000190,BAO_0000219,cell-based format,CC(=O)N[C@H](C(=O)N[C@@H](CC(=O)O)C(=O)N[C@H](C(=O)N1CC[C@H](OCC(C)C)[C@H]1C(=O)N[C@H]1CC(=O)OC1O)C(C)C)C(C)C,,,CHEMBL1833809,Bioorg. Med. Chem.,2011,"{'bei': '7.00', 'le': '0.14', 'lle': '5.85', 'sei': '1.96'}",CHEMBL1835314,,CHEMBL1835314,4.50,0,http://www.openphacts.org/units/Nanomolar,1461508,=,1,1,=,,IC50,nM,,32000.0,CHEMBL4884,Homo sapiens,Caspase-2,9606,,,IC50,nM,UO_0000065,,32000.0
,6385918,[],CHEMBL1838645,Inhibition of human Myc-DDK tagged caspase-2 expressed in HEK293 T17 cells using Ac-VDVAD-AMC coumarin-120 as substrate pre-incubated for 2 hrs measured up to 5 hrs by fluorometric analysis,B,,,BAO_0000190,BAO_0000219,cell-based format,CC(=O)N[C@H](C(=O)N[C@@H](CC(=O)O)C(=O)N[C@H](C(=O)N1CC[C@H](OC2CCCC2)[C@H]1C(=O)N[C@H]1CC(=O)OC1O)C(C)C)C(C)C,,,CHEMBL1833809,Bioorg. Med. Chem.,2011,"{'bei': '6.80', 'le': '0.13', 'lle': '5.52', 'sei': '1.94'}",CHEMBL1835315,,CHEMBL1835315,4.45,0,http://www.openphacts.org/units/Nanomolar,1461509,=,1,1,=,,IC50,nM,,35667.0,CHEMBL4884,Homo sapiens,Caspase-2,9606,,,IC50,nM,UO_0000065,,35667.0
,6385919,[],CHEMBL1838645,Inhibition of human Myc-DDK tagged caspase-2 expressed in HEK293 T17 cells using Ac-VDVAD-AMC coumarin-120 as substrate pre-incubated for 2 hrs measured up to 5 hrs by fluorometric analysis,B,,,BAO_0000190,BAO_0000219,cell-based format,CC(=O)N[C@H](C(=O)N[C@@H](CC(=O)O)C(=O)N[C@H](C(=O)N1CC[C@H](Oc2ncccn2)[C@H]1C(=O)N[C@H]1CC(=O)OC1O)C(C)C)C(C)C,,,CHEMBL1833809,Bioorg. Med. Chem.,2011,"{'bei': '7.17', 'le': '0.14', 'lle': '6.92', 'sei': '1.86'}",CHEMBL1835316,,CHEMBL1835316,4.76,0,http://www.openphacts.org/units/Nanomolar,1461510,=,1,1,=,,IC50,nM,,17400.0,CHEMBL4884,Homo sapiens,Caspase-2,9606,,,IC50,nM,UO_0000065,,17400.0
,6385920,[],CHEMBL1838645,Inhibition of human Myc-DDK tagged caspase-2 expressed in HEK293 T17 cells using Ac-VDVAD-AMC coumarin-120 as substrate pre-incubated for 2 hrs measured up to 5 hrs by fluorometric analysis,B,,,BAO_0000190,BAO_0000219,cell-based format,CC(=O)N[C@H](C(=O)N[C@@H](CC(=O)O)C(=O)N[C@H](C(=O)N1CC[C@H](CC(C)(C)C)[C@H]1C(=O)N[C@H]1CC(=O)OC1O)C(C)C)C(C)C,,,CHEMBL1833809,Bioorg. Med. Chem.,2011,"{'bei': '8.80', 'le': '0.17', 'lle': '5.98', 'sei': '2.55'}",CHEMBL1835317,,CHEMBL1835317,5.63,0,http://www.openphacts.org/units/Nanomolar,1461511,=,1,1,=,,IC50,nM,,2360.0,CHEMBL4884,Homo sapiens,Caspase-2,9606,,,IC50,nM,UO_0000065,,2360.0
,6385921,[],CHEMBL1838645,Inhibition of human Myc-DDK tagged caspase-2 expressed in HEK293 T17 cells using Ac-VDVAD-AMC coumarin-120 as substrate pre-incubated for 2 hrs measured up to 5 hrs by fluorometric analysis,B,,,BAO_0000190,BAO_0000219,cell-based format,CC(=O)N[C@H](C(=O)N[C@@H](CC(=O)O)C(=O)N[C@H](C(=O)N1CC[C@H](c2ccccc2)[C@H]1C(=O)N[C@H]1CC(=O)OC1O)C(C)C)C(C)C,,,CHEMBL1833809,Bioorg. Med. Chem.,2011,"{'bei': '6.66', 'le': '0.13', 'lle': '4.92', 'sei': '1.95'}",CHEMBL1835318,,CHEMBL1835318,4.30,0,http://www.openphacts.org/units/Nanomolar,1461512,=,1,1,=,,IC50,nM,,50000.0,CHEMBL4884,Homo sapiens,Caspase-2,9606,,,IC50,nM,UO_0000065,,50000.0
,6385922,[],CHEMBL1838645,Inhibition of human Myc-DDK tagged caspase-2 expressed in HEK293 T17 cells using Ac-VDVAD-AMC coumarin-120 as substrate pre-incubated for 2 hrs measured up to 5 hrs by fluorometric analysis,B,,,BAO_0000190,BAO_0000219,cell-based format,CC(=O)N[C@H](C(=O)N[C@@H](CC(=O)O)C(=O)N[C@H](C(=O)N1CC[C@H](c2ccc(C)cc2)[C@H]1C(=O)N[C@H]1CC(=O)OC1O)C(C)C)C(C)C,,,CHEMBL1833809,Bioorg. Med. Chem.,2011,,CHEMBL1835319,,CHEMBL1835319,,0,http://www.openphacts.org/units/Nanomolar,1461513,>,1,1,>,,IC50,nM,,65000.0,CHEMBL4884,Homo sapiens,Caspase-2,9606,,,IC50,nM,UO_0000065,,65000.0
,6385923,[],CHEMBL1838645,Inhibition of human Myc-DDK tagged caspase-2 expressed in HEK293 T17 cells using Ac-VDVAD-AMC coumarin-120 as substrate pre-incubated for 2 hrs measured up to 5 hrs by fluorometric analysis,B,,,BAO_0000190,BAO_0000219,cell-based format,CC(=O)N[C@H](C(=O)N[C@@H](CC(=O)O)C(=O)N[C@H](C(=O)N1CC[C@H](C2CCCCC2)[C@H]1C(=O)N[C@H]1CC(=O)OC1O)C(C)C)C(C)C,,,CHEMBL1833809,Bioorg. Med. Chem.,2011,"{'bei': '7.47', 'le': '0.14', 'lle': '5.08', 'sei': '2.21'}",CHEMBL1835320,,CHEMBL1835320,4.87,0,http://www.openphacts.org/units/Nanomolar,1461514,=,1,1,=,,IC50,nM,,13607.0,CHEMBL4884,Homo sapiens,Caspase-2,9606,,,IC50,nM,UO_0000065,,13607.0
,6385924,[],CHEMBL1838645,Inhibition of human Myc-DDK tagged caspase-2 expressed in HEK293 T17 cells using Ac-VDVAD-AMC coumarin-120 as substrate pre-incubated for 2 hrs measured up to 5 hrs by fluorometric analysis,B,,,BAO_0000190,BAO_0000219,cell-based format,CC(=O)N[C@H](C(=O)N[C@@H](CC(=O)O)C(=O)N[C@H](C(=O)N1Cc2ccccc2C1C(=O)N[C@H]1CC(=O)OC1O)C(C)C)C(C)C,,,CHEMBL1833809,Bioorg. Med. Chem.,2011,"{'bei': '9.89', 'le': '0.19', 'lle': '7.03', 'sei': '2.77'}",CHEMBL1835321,,CHEMBL1835321,6.11,0,http://www.openphacts.org/units/Nanomolar,1461515,=,1,1,=,,IC50,nM,,781.0,CHEMBL4884,Homo sapiens,Caspase-2,9606,,,IC50,nM,UO_0000065,,781.0
,6385925,[],CHEMBL1838645,Inhibition of human Myc-DDK tagged caspase-2 expressed in HEK293 T17 cells using Ac-VDVAD-AMC coumarin-120 as substrate pre-incubated for 2 hrs measured up to 5 hrs by fluorometric analysis,B,,,BAO_0000190,BAO_0000219,cell-based format,CC(=O)N[C@H](C(=O)N[C@@H](CC(=O)O)C(=O)N[C@H](C(=O)N1CCCC[C@H]1C(=O)N[C@H]1CC(=O)OC1O)C(C)C)C(C)C,,,CHEMBL1833809,Bioorg. Med. Chem.,2011,"{'bei': '10.20', 'le': '0.20', 'lle': '7.57', 'sei': '2.70'}",CHEMBL1835322,,CHEMBL1835322,5.95,0,http://www.openphacts.org/units/Nanomolar,1461516,=,1,1,=,,IC50,nM,,1120.0,CHEMBL4884,Homo sapiens,Caspase-2,9606,,,IC50,nM,UO_0000065,,1120.0
,6385926,[],CHEMBL1838645,Inhibition of human Myc-DDK tagged caspase-2 expressed in HEK293 T17 cells using Ac-VDVAD-AMC coumarin-120 as substrate pre-incubated for 2 hrs measured up to 5 hrs by fluorometric analysis,B,,,BAO_0000190,BAO_0000219,cell-based format,CC(=O)N[C@H](C(=O)N[C@@H](CC(=O)O)C(=O)N[C@H](C(=O)N1CCC[C@H](OC(C)C)[C@H]1C(=O)N[C@H]1CC(=O)OC1O)C(C)C)C(C)C,,,CHEMBL1833809,Bioorg. Med. Chem.,2011,"{'bei': '6.23', 'le': '0.12', 'lle': '5.22', 'sei': '1.74'}",CHEMBL1835323,,CHEMBL1835323,4.00,0,http://www.openphacts.org/units/Nanomolar,1461517,=,1,1,=,,IC50,nM,,100000.0,CHEMBL4884,Homo sapiens,Caspase-2,9606,,,IC50,nM,UO_0000065,,100000.0
,6385927,[],CHEMBL1838645,Inhibition of human Myc-DDK tagged caspase-2 expressed in HEK293 T17 cells using Ac-VDVAD-AMC coumarin-120 as substrate pre-incubated for 2 hrs measured up to 5 hrs by fluorometric analysis,B,,,BAO_0000190,BAO_0000219,cell-based format,CC(=O)N[C@H](C(=O)N[C@@H](CC(=O)O)C(=O)N[C@H](C(=O)N1CCc2ccccc2[C@H]1C(=O)N[C@H]1CC(=O)OC1O)C(C)C)C(C)C,,,CHEMBL1833809,Bioorg. Med. Chem.,2011,"{'bei': '8.94', 'le': '0.17', 'lle': '6.53', 'sei': '2.56'}",CHEMBL1835324,,CHEMBL1835324,5.65,0,http://www.openphacts.org/units/Nanomolar,1461518,=,1,1,=,,IC50,nM,,2260.0,CHEMBL4884,Homo sapiens,Caspase-2,9606,,,IC50,nM,UO_0000065,,2260.0
,6385928,[],CHEMBL1838645,Inhibition of human Myc-DDK tagged caspase-2 expressed in HEK293 T17 cells using Ac-VDVAD-AMC coumarin-120 as substrate pre-incubated for 2 hrs measured up to 5 hrs by fluorometric analysis,B,,,BAO_0000190,BAO_0000219,cell-based format,CC(=O)N[C@H](C(=O)N[C@@H](CC(=O)O)C(=O)N[C@H](C(=O)N1CCc2ccc(C)cc2C1C(=O)N[C@H]1CC(=O)OC1O)C(C)C)C(C)C,,,CHEMBL1833809,Bioorg. Med. Chem.,2011,"{'bei': '8.14', 'le': '0.16', 'lle': '5.83', 'sei': '2.38'}",CHEMBL1835325,,CHEMBL1835325,5.26,0,http://www.openphacts.org/units/Nanomolar,1461519,=,1,1,=,,IC50,nM,,5533.0,CHEMBL4884,Homo sapiens,Caspase-2,9606,,,IC50,nM,UO_0000065,,5533.0
,6385929,[],CHEMBL1838645,Inhibition of human Myc-DDK tagged caspase-2 expressed in HEK293 T17 cells using Ac-VDVAD-AMC coumarin-120 as substrate pre-incubated for 2 hrs measured up to 5 hrs by fluorometric analysis,B,,,BAO_0000190,BAO_0000219,cell-based format,CC(=O)N[C@H](C(=O)N[C@@H](CC(=O)O)C(=O)N[C@H](C(=O)N1CCc2cc(C)ccc2C1C(=O)N[C@H]1CC(=O)OC1O)C(C)C)C(C)C,,,CHEMBL1833809,Bioorg. Med. Chem.,2011,"{'bei': '8.02', 'le': '0.15', 'lle': '5.75', 'sei': '2.35'}",CHEMBL1835399,,CHEMBL1835399,5.18,0,http://www.openphacts.org/units/Nanomolar,1461607,=,1,1,=,,IC50,nM,,6670.0,CHEMBL4884,Homo sapiens,Caspase-2,9606,,,IC50,nM,UO_0000065,,6670.0
,6385930,[],CHEMBL1838645,Inhibition of human Myc-DDK tagged caspase-2 expressed in HEK293 T17 cells using Ac-VDVAD-AMC coumarin-120 as substrate pre-incubated for 2 hrs measured up to 5 hrs by fluorometric analysis,B,,,BAO_0000190,BAO_0000219,cell-based format,COc1cc2c(cc1OC)C(C(=O)N[C@H]1CC(=O)OC1O)N(C(=O)[C@@H](NC(=O)[C@H](CC(=O)O)NC(=O)[C@@H](NC(C)=O)C(C)C)C(C)C)CC2,,,CHEMBL1833809,Bioorg. Med. Chem.,2011,,CHEMBL1835400,,CHEMBL1835400,,0,http://www.openphacts.org/units/Nanomolar,1461608,>,1,1,>,,IC50,nM,,100000.0,CHEMBL4884,Homo sapiens,Caspase-2,9606,,,IC50,nM,UO_0000065,,100000.0
,6385931,[],CHEMBL1838645,Inhibition of human Myc-DDK tagged caspase-2 expressed in HEK293 T17 cells using Ac-VDVAD-AMC coumarin-120 as substrate pre-incubated for 2 hrs measured up to 5 hrs by fluorometric analysis,B,,,BAO_0000190,BAO_0000219,cell-based format,CC(=O)N[C@H](C(=O)N[C@@H](CC(=O)O)C(=O)N[C@H](C(=O)N1CCc2cc(O)ccc2C1C(=O)N[C@H]1CC(=O)OC1O)C(C)C)C(C)C,,,CHEMBL1833809,Bioorg. Med. Chem.,2011,"{'bei': '7.55', 'le': '0.15', 'lle': '6.06', 'sei': '2.03'}",CHEMBL1835401,,CHEMBL1835401,4.89,0,http://www.openphacts.org/units/Nanomolar,1461609,=,1,1,=,,IC50,nM,,12823.0,CHEMBL4884,Homo sapiens,Caspase-2,9606,,,IC50,nM,UO_0000065,,12823.0
,6385932,[],CHEMBL1838645,Inhibition of human Myc-DDK tagged caspase-2 expressed in HEK293 T17 cells using Ac-VDVAD-AMC coumarin-120 as substrate pre-incubated for 2 hrs measured up to 5 hrs by fluorometric analysis,B,,,BAO_0000190,BAO_0000219,cell-based format,CC(=O)N[C@H](C(=O)N[C@@H](CC(=O)O)C(=O)N[C@H](C(=O)N1CCc2ccc(O)cc2C1C(=O)N[C@H]1CC(=O)OC1O)C(C)C)C(C)C,,,CHEMBL1833809,Bioorg. Med. Chem.,2011,"{'bei': '7.15', 'le': '0.14', 'lle': '5.80', 'sei': '1.92'}",CHEMBL1835402,,CHEMBL1835402,4.63,0,http://www.openphacts.org/units/Nanomolar,1461610,=,1,1,=,,IC50,nM,,23567.0,CHEMBL4884,Homo sapiens,Caspase-2,9606,,,IC50,nM,UO_0000065,,23567.0
,6385933,[],CHEMBL1838645,Inhibition of human Myc-DDK tagged caspase-2 expressed in HEK293 T17 cells using Ac-VDVAD-AMC coumarin-120 as substrate pre-incubated for 2 hrs measured up to 5 hrs by fluorometric analysis,B,,,BAO_0000190,BAO_0000219,cell-based format,CC(=O)N[C@H](C(=O)N[C@@H](CC(=O)O)C(=O)N[C@H](C(=O)N1CCc2cc(Br)ccc2C1C(=O)N[C@H]1CC(=O)OC1O)C(C)C)C(C)C,,,CHEMBL1833809,Bioorg. Med. Chem.,2011,"{'bei': '7.21', 'le': '0.15', 'lle': '5.24', 'sei': '2.32'}",CHEMBL1835403,,CHEMBL1835403,5.13,0,http://www.openphacts.org/units/Nanomolar,1461611,=,1,1,=,,IC50,nM,,7470.0,CHEMBL4884,Homo sapiens,Caspase-2,9606,,,IC50,nM,UO_0000065,,7470.0
,6385934,[],CHEMBL1838645,Inhibition of human Myc-DDK tagged caspase-2 expressed in HEK293 T17 cells using Ac-VDVAD-AMC coumarin-120 as substrate pre-incubated for 2 hrs measured up to 5 hrs by fluorometric analysis,B,,,BAO_0000190,BAO_0000219,cell-based format,CC(=O)N[C@H](C(=O)N[C@@H](CC(=O)O)C(=O)N[C@H](C(=O)N1CCc2ccc(Br)cc2C1C(=O)N[C@H]1CC(=O)OC1O)C(C)C)C(C)C,,,CHEMBL1833809,Bioorg. Med. Chem.,2011,"{'bei': '7.75', 'le': '0.16', 'lle': '5.62', 'sei': '2.50'}",CHEMBL1835404,,CHEMBL1835404,5.51,0,http://www.openphacts.org/units/Nanomolar,1461612,=,1,1,=,,IC50,nM,,3110.0,CHEMBL4884,Homo sapiens,Caspase-2,9606,,,IC50,nM,UO_0000065,,3110.0
,12662536,[],CHEMBL2327254,Inhibition of caspase-2 (unknown origin),B,,,BAO_0000190,BAO_0000357,single protein format,CCOC(=O)/C=C/[C@H](CC(=O)O)NC(=O)[C@@H](NC(=O)[C@@H](NC(=O)[C@H](CC(=O)O)NC(=O)OCc1ccccc1)c1ccccc1)C(C)C,,,CHEMBL2321675,ACS Med. Chem. Lett.,2013,,CHEMBL2324341,,CHEMBL2324341,,0,http://www.openphacts.org/units/Nanomolar,1850386,>,1,1,>,,IC50,nM,,100000.0,CHEMBL4884,Homo sapiens,Caspase-2,9606,,,IC50,uM,UO_0000065,,100.0
,12662538,[],CHEMBL2327254,Inhibition of caspase-2 (unknown origin),B,,,BAO_0000190,BAO_0000357,single protein format,CC[C@H](C)[C@H](NC(=O)[C@H](CCC(N)=O)NC(=O)[C@H](Cc1c[nH]c2ccccc12)NC(=O)OCc1ccccc1)C(=O)N[C@H](/C=C/S(C)(=O)=O)CC(=O)O,,,CHEMBL2321675,ACS Med. Chem. Lett.,2013,,CHEMBL2324340,,CHEMBL2324340,,0,http://www.openphacts.org/units/Nanomolar,1850385,>,1,1,>,,IC50,nM,,100000.0,CHEMBL4884,Homo sapiens,Caspase-2,9606,,,IC50,uM,UO_0000065,,100.0
,12662540,[],CHEMBL2327254,Inhibition of caspase-2 (unknown origin),B,,,BAO_0000190,BAO_0000357,single protein format,CC[C@H](C)[C@H](NC(=O)[C@H](CCC(N)=O)NC(=O)[C@@H](NC(=O)OCc1ccccc1)C(C)C)C(=O)N[C@H](/C=C/S(C)(=O)=O)CC(=O)O,,,CHEMBL2321675,ACS Med. Chem. Lett.,2013,,CHEMBL2324339,,CHEMBL2324339,,0,http://www.openphacts.org/units/Nanomolar,1850384,>,1,1,>,,IC50,nM,,100000.0,CHEMBL4884,Homo sapiens,Caspase-2,9606,,,IC50,uM,UO_0000065,,100.0
,12662544,[],CHEMBL2327254,Inhibition of caspase-2 (unknown origin),B,,,BAO_0000190,BAO_0000357,single protein format,CC(C)(C)[C@@H](NC(=O)c1ccc(N)c(Cl)c1)C(=O)N1CCC[C@H]1C(=O)N[C@H](/C=C/S(C)(=O)=O)CC(=O)O,,,CHEMBL2321675,ACS Med. Chem. Lett.,2013,,CHEMBL2323966,,CHEMBL2323966,,0,http://www.openphacts.org/units/Nanomolar,1849986,>,1,1,>,,IC50,nM,,100000.0,CHEMBL4884,Homo sapiens,Caspase-2,9606,,,IC50,uM,UO_0000065,,100.0
,12662550,[],CHEMBL2327254,Inhibition of caspase-2 (unknown origin),B,,,BAO_0000190,BAO_0000357,single protein format,CC(C)(C)[C@H](NC(=O)[C@H](CC(=O)O)NC(=O)OCc1ccccc1)C(=O)N1CC[C@H]1C(=O)N[C@H](/C=C/S(C)(=O)=O)CC(=O)O,,,CHEMBL2321675,ACS Med. Chem. Lett.,2013,"{'bei': '7.64', 'le': '0.15', 'lle': '4.47', 'sei': '2.16'}",CHEMBL2323967,,CHEMBL2323967,4.88,0,http://www.openphacts.org/units/Nanomolar,1849987,=,1,1,=,,IC50,nM,,13100.0,CHEMBL4884,Homo sapiens,Caspase-2,9606,,,IC50,uM,UO_0000065,,13.1
304031,16278571,[],CHEMBL3707875,"Fluorometric Enzymatic Assay: The inhibition of the activity of Caspase-1 to -10 by four different compounds (#53, #111, #123 & Z-DEVD-FMK used as a prodrug: z-D(OMe)E(OMe)VD(OMe)FMK (comparison control compound, SM Biochemicals LLC, Cat# SMFMK003)) and their respective IC50 values were determined using a fluorometric enzymatic assay (Active Recombinant Caspase Set IV (BioVision, Cat# K233-10-25) and Caspase Fluorometric Substrate Set II Plus (BioVision, Cat# K137-9-25)) on a Flexstation 3x (Molecular Devices). In brief, each compound was serially diluted for a final test concentration range of 0.1 nM to 3.3 uM (10-point titration). Each active recombinant Caspase (Active Recombinant Caspase Set IV (BioVision, Cat# K233-10-25)) was added to the respective wells of the 96-well High Efficiency plates (Molecular Devices, Cat#75-000-0005), followed by the addition of the diluted test compounds. DMSO (Final=1%) or Z-VAD-FMK (Caspase-Family Inhibitor, Z-VAD-FMK (BioVision, Cat#1010-100).",B,,,BAO_0000190,BAO_0000357,single protein format,CC(C)[C@H](NC(=O)[C@@H](NC(=O)[C@H](CC(=O)O)NC(=O)OCc1ccccc1)c1ccccc1)C(=O)N[C@H](/C=C(\Cl)S(C)(=O)=O)CC(=O)O,,,CHEMBL3638756,,2015,,CHEMBL3678074,,CHEMBL3678074,,0,http://www.openphacts.org/units/Nanomolar,2553873,>,37,1,>,,IC50,nM,,3330.0,CHEMBL4884,Homo sapiens,Caspase-2,9606,,,IC50,nM,UO_0000065,,3330.0
304011,16284623,[],CHEMBL3707875,"Fluorometric Enzymatic Assay: The inhibition of the activity of Caspase-1 to -10 by four different compounds (#53, #111, #123 & Z-DEVD-FMK used as a prodrug: z-D(OMe)E(OMe)VD(OMe)FMK (comparison control compound, SM Biochemicals LLC, Cat# SMFMK003)) and their respective IC50 values were determined using a fluorometric enzymatic assay (Active Recombinant Caspase Set IV (BioVision, Cat# K233-10-25) and Caspase Fluorometric Substrate Set II Plus (BioVision, Cat# K137-9-25)) on a Flexstation 3x (Molecular Devices). In brief, each compound was serially diluted for a final test concentration range of 0.1 nM to 3.3 uM (10-point titration). Each active recombinant Caspase (Active Recombinant Caspase Set IV (BioVision, Cat# K233-10-25)) was added to the respective wells of the 96-well High Efficiency plates (Molecular Devices, Cat#75-000-0005), followed by the addition of the diluted test compounds. DMSO (Final=1%) or Z-VAD-FMK (Caspase-Family Inhibitor, Z-VAD-FMK (BioVision, Cat#1010-100).",B,,,BAO_0000190,BAO_0000357,single protein format,CC(C)[C@H](NC(=O)[C@@H](NC(=O)[C@H](CC(=O)O)NC(=O)OCc1ccccc1)c1ccccc1)C(=O)N[C@H](/C=C/S(C)(=O)=O)CC(=O)O,,,CHEMBL3638756,,2015,,CHEMBL3673262,,CHEMBL3673262,,0,http://www.openphacts.org/units/Nanomolar,2548714,>,37,1,>,,IC50,nM,,3330.0,CHEMBL4884,Homo sapiens,Caspase-2,9606,,,IC50,nM,UO_0000065,,3330.0
304021,16318383,[],CHEMBL3707875,"Fluorometric Enzymatic Assay: The inhibition of the activity of Caspase-1 to -10 by four different compounds (#53, #111, #123 & Z-DEVD-FMK used as a prodrug: z-D(OMe)E(OMe)VD(OMe)FMK (comparison control compound, SM Biochemicals LLC, Cat# SMFMK003)) and their respective IC50 values were determined using a fluorometric enzymatic assay (Active Recombinant Caspase Set IV (BioVision, Cat# K233-10-25) and Caspase Fluorometric Substrate Set II Plus (BioVision, Cat# K137-9-25)) on a Flexstation 3x (Molecular Devices). In brief, each compound was serially diluted for a final test concentration range of 0.1 nM to 3.3 uM (10-point titration). Each active recombinant Caspase (Active Recombinant Caspase Set IV (BioVision, Cat# K233-10-25)) was added to the respective wells of the 96-well High Efficiency plates (Molecular Devices, Cat#75-000-0005), followed by the addition of the diluted test compounds. DMSO (Final=1%) or Z-VAD-FMK (Caspase-Family Inhibitor, Z-VAD-FMK (BioVision, Cat#1010-100).",B,,,BAO_0000190,BAO_0000357,single protein format,CC(C)[C@H](NC(=O)[C@H](Cc1cccc2ccccc12)NC(=O)[C@H](CC(=O)O)NC(=O)OCc1ccccc1)C(=O)N[C@H](/C=C/S(C)(=O)=O)CC(=O)O,,,CHEMBL3638756,,2015,,CHEMBL3678073,,CHEMBL3678073,,0,http://www.openphacts.org/units/Nanomolar,2553872,>,37,1,>,,IC50,nM,,3330.0,CHEMBL4884,Homo sapiens,Caspase-2,9606,,,IC50,nM,UO_0000065,,3330.0
,19480184,[],CHEMBL4480325,Inhibition of caspase2 (unknown origin) using ICH-1 as substrate preincubated for 20 mins followed by substrate addition by fluorescence plate reader analysis,B,,,BAO_0000190,BAO_0000357,single protein format,C[C@H](NC(=O)[C@H](Cc1ccccc1)NC(=O)OCc1ccccc1)C(=O)CF,,,CHEMBL4477275,ACS Med Chem Lett,2016,,CHEMBL2402203,,CHEMBL2402203,,0,http://www.openphacts.org/units/Nanomolar,3257389,>,1,1,>,,IC50,nM,,100000.0,CHEMBL4884,Homo sapiens,Caspase-2,9606,,,IC50(app),uM,UO_0000065,,100.0
,19480185,[],CHEMBL4480325,Inhibition of caspase2 (unknown origin) using ICH-1 as substrate preincubated for 20 mins followed by substrate addition by fluorescence plate reader analysis,B,,,BAO_0000190,BAO_0000357,single protein format,O=C(CF)CNC(=O)[C@H](Cc1ccccc1)NC(=O)c1ccccc1,,,CHEMBL4477275,ACS Med Chem Lett,2016,,CHEMBL4590201,,CHEMBL4590201,,0,http://www.openphacts.org/units/Nanomolar,3257411,>,1,1,>,,IC50,nM,,100000.0,CHEMBL4884,Homo sapiens,Caspase-2,9606,,,IC50(app),uM,UO_0000065,,100.0
,19480186,[],CHEMBL4480325,Inhibition of caspase2 (unknown origin) using ICH-1 as substrate preincubated for 20 mins followed by substrate addition by fluorescence plate reader analysis,B,,,BAO_0000190,BAO_0000357,single protein format,O=C(CF)CNC(=O)[C@H](Cc1ccccc1)NC(=O)c1cccc2ccccc12,,,CHEMBL4477275,ACS Med Chem Lett,2016,,CHEMBL4520267,,CHEMBL4520267,,0,http://www.openphacts.org/units/Nanomolar,3257418,>,1,1,>,,IC50,nM,,100000.0,CHEMBL4884,Homo sapiens,Caspase-2,9606,,,IC50(app),uM,UO_0000065,,100.0
,22768955,[],CHEMBL4703757,Inhibition of human Caspase 2,A,,,BAO_0000190,BAO_0000357,single protein format,COc1cccc2[nH]c(C(=O)N[C@@H](CC(C)C)C(=O)N[C@@H](C[C@@H]3CCNC3=O)C(=O)CO)cc12,,,CHEMBL4699574,J Med Chem,2020,,CHEMBL4777223,,CHEMBL4777223,,0,http://www.openphacts.org/units/Nanomolar,3534814,>,1,1,>,,IC50,nM,,10000.0,CHEMBL4884,Homo sapiens,Caspase-2,9606,,,IC50,uM,UO_0000065,,10.0
